PC1,PC2,diagnosis
0.5552693470838415,-0.29495986969075105,Healthy
-0.827922280596221,0.8509365177328942,Healthy
-0.24087772474756536,0.15233970732330177,Healthy
-0.26535992050582297,-0.5615523294015239,Healthy
0.8111899527126871,-0.3386073699056914,Healthy
-1.8624316166312542,2.473361208773671,Healthy
0.3576042807245407,-0.19528234506018127,Healthy
-0.2067891266243465,0.6965408574502686,Healthy
0.12075778425739842,-1.614452095281322,Healthy
-1.2024403458141832,-0.2524181699891394,Healthy
0.7327239744174399,-0.012845220639668087,Healthy
-0.5994189899415459,0.3962726609241356,Healthy
0.14217412163501597,0.025031639933096345,Healthy
0.7674175033316089,-0.4247132845375151,Iron deficiency anemia
-0.46124879136447006,-0.8792317669334468,Iron deficiency anemia
16.582852933657,-17.688300553671798,Iron deficiency anemia
-0.41367761599457686,0.16683488480743158,Iron deficiency anemia
2.4554889529992736,-3.6068496311074116,Iron deficiency anemia
4.248834957300496,1.7103799000185473,Iron deficiency anemia
-1.5388846879309366,0.38801220469454395,Iron deficiency anemia
0.8031831898096052,-0.1531045371819028,Leukemia
2.222455634445236,-0.8747049964219982,Leukemia
1.302546309126908,0.7108032658617782,Leukemia with thrombocytopenia
-0.7712721334589188,0.36009537174548617,Macrocytic anemia
-1.4194714195411107,0.8493299347338142,Normocytic hypochromic anemia
19.14960931709835,32.364681865302806,Normocytic hypochromic anemia
-0.13286835351699394,0.1048589137170156,Normocytic hypochromic anemia
1.188720711336844,-0.7852787277379049,Normocytic hypochromic anemia
3.248886215938069,-2.2029749237833673,Normocytic hypochromic anemia
-0.712106998904976,0.2776272635521982,Normocytic hypochromic anemia
-0.7722395204954363,-0.4318798223526961,Normocytic hypochromic anemia
8.477888622145793,-1.3995701304055501,Normocytic hypochromic anemia
0.3450913386455118,-1.5358315086590442,Normocytic hypochromic anemia
-3.141515510593969,0.9765428260037037,Normocytic hypochromic anemia
0.44908310317506483,-0.3540528230419348,Normocytic hypochromic anemia
0.5502738748779107,-0.16830025667160828,Normocytic normochromic anemia
7.6354598136646326,16.099520615741756,Normocytic normochromic anemia
-0.5399865882927075,0.2827747321910754,Normocytic normochromic anemia
2.9020373916095443,-0.5602343633971625,Normocytic normochromic anemia
-1.8705584616508022,0.8904598540742941,Normocytic normochromic anemia
0.07032914855578823,-0.05091716141479494,Normocytic normochromic anemia
-1.4176856345465694,2.773918331440407,Normocytic normochromic anemia
-0.36223975532083097,1.2163253623218264,Normocytic normochromic anemia
-1.0259726684484538,0.5290766615817729,Normocytic normochromic anemia
-0.18199708976506584,0.048318540564041904,Normocytic normochromic anemia
-0.5930509369927477,0.12892862882119277,Other microcytic anemia
12.981478887548937,-3.311002260467519,Other microcytic anemia
-0.21826754074272858,0.13345869090551105,Thrombocytopenia
-0.933646560394769,0.7208677587850029,Thrombocytopenia
3.8091869304299513,2.947898183399888,Thrombocytopenia
