PC1,PC2,PC3,PC4,diagnosis
0.5622419905790024,-0.28794741204362795,-0.2553353275538566,0.031224133268624915,Healthy
-0.07974737998424042,-0.7638200548775043,1.4041545733095475,1.3250976704943225,Healthy
-0.381269479184192,0.8058959045230607,-1.5356274637439058,-0.4354170277764663,Healthy
-0.11562852411837665,0.1327441045695601,-0.19719418851467113,0.3618949662394355,Healthy
-0.5122185016607796,0.2679296476701038,-0.14670673695892222,0.7517225534085784,Healthy
-1.8624316166312542,2.473361208773671,-1.8782815576471963,-3.2242871401021325,Healthy
0.6456531169955392,-0.07725829386707332,-0.29371517514651013,0.5542336127763139,Healthy
-0.9230630771880644,-0.41771667583358785,1.5360533695575538,2.115769188211731,Healthy
0.07007549990207357,-0.5152699279551295,0.7104382167352259,0.8284747741081379,Healthy
0.8092130734555978,-0.33812711068060997,-0.3752684754229503,0.1446552877900461,Healthy
0.2812424879181138,0.29165746428903827,-0.9212126685906933,-0.006861764655275104,Healthy
0.33080179583839725,-0.17353160131369638,-0.16753111352623584,0.06797666883997244,Healthy
-0.010617381445906404,-1.8732336167458485,3.3109899014532105,2.3558212513198695,Healthy
-1.1932808402359238,0.15199358166942234,0.5001544731725073,0.6491530984889546,Iron deficiency anemia
3.6589213835697683,-6.735946031747758,9.221821808555706,1.902292644793882,Iron deficiency anemia
-0.14827278044303002,-1.2652361205846052,2.1637751396243274,0.886353747429147,Iron deficiency anemia
-0.15967283837752796,-0.10166935142653741,0.008672158745752334,-0.39697280475237817,Iron deficiency anemia
16.582852933657,-17.688300553671798,17.44486898329734,-3.181352027055147,Iron deficiency anemia
3.794160720651101,-1.4934499347147734,-0.4919914416976553,-5.237901023754891,Iron deficiency anemia
0.43688059654549977,0.30676534361829016,-1.0256168148328437,-1.9476561702448096,Iron deficiency anemia
0.9262293592855118,-0.259040009149059,-0.6326182076817144,-0.5283211561261961,Leukemia
2.454934492072022,-0.8663933945344992,-1.063801041880534,-2.1251940694677804,Leukemia
1.302546309126908,0.7108032658617782,-2.2845960958226312,-1.7517839889504707,Leukemia with thrombocytopenia
-0.7712721334589188,0.36009537174548617,0.29303932338724775,-0.3751004074379882,Macrocytic anemia
-0.28454305088517645,0.007902129854615594,0.18245763152456126,-0.06628914814306096,Normocytic hypochromic anemia
19.14960931709835,32.364681865302806,15.274335655930859,1.8495798242936983,Normocytic hypochromic anemia
8.477888622145793,-1.3995701304055501,-12.198879027235638,13.836895190830326,Normocytic hypochromic anemia
0.6981718468265394,-0.5401072016723018,0.12649250437657564,-0.8588959652606921,Normocytic hypochromic anemia
-0.8927250689024199,-0.3444196284829006,1.6320054842491303,1.2489509536023016,Normocytic hypochromic anemia
-0.001256553875369798,0.579930681946466,-1.3843617817152094,-1.6412941342907885,Normocytic hypochromic anemia
0.9962796201615155,-2.0792784526460815,2.888385758522621,-0.3788833851374463,Normocytic hypochromic anemia
-1.263089786768855,0.8928527110801179,-0.8062796594635413,-0.1928639649022069,Normocytic hypochromic anemia
2.3313929100375614,-0.748714788119654,-2.974304469973376,6.361937422473643,Normocytic hypochromic anemia
3.56275321683447,-1.8256917509341908,-0.4453907752465329,-3.739128089721597,Normocytic hypochromic anemia
-0.939915308159174,0.31709588856699855,0.3421455812578009,0.6676987777834957,Normocytic hypochromic anemia
-0.015350745750971062,-0.0031359651874260375,0.028737206657645373,0.005474942524219872,Normocytic normochromic anemia
7.6354598136646326,16.099520615741756,7.220414320655874,0.5819141438748635,Normocytic normochromic anemia
3.2659028887222954,0.29989546796244954,-3.3943424105512903,-5.025123533527086,Normocytic normochromic anemia
-0.6577191954254457,1.2145397125241562,-2.0753667081903133,-1.274513970754502,Normocytic normochromic anemia
-0.8908198882138129,0.4478583293150741,0.22245671620654195,0.30967803333933264,Normocytic normochromic anemia
-0.4859482820350103,0.2068891345995541,0.24687216308904736,-0.5287824704335398,Normocytic normochromic anemia
-1.8259527975077885,0.1375334616065767,1.5967705890147965,1.2625517050931,Normocytic normochromic anemia
-1.0785921535562537,1.2160529955225559,-0.9014094776458226,-0.25992004399713375,Normocytic normochromic anemia
2.5381718944967933,-1.4203641947567744,-0.060232941325647285,-2.8072622091465997,Normocytic normochromic anemia
0.3962279798808459,-0.2356184338877441,0.17820922008224926,-1.0983266315406994,Normocytic normochromic anemia
-0.5930509369927477,0.12892862882119277,0.37404746087077173,-0.26051214236599085,Other microcytic anemia
12.981478887548937,-3.311002260467519,-10.954458594194252,13.478733121706814,Other microcytic anemia
-0.8121482661099219,0.0989071477364658,0.4928555099977615,1.6861351201901615,Thrombocytopenia
-0.45614726423594987,0.5228466190296198,-0.5735942662661377,0.3922324828567326,Thrombocytopenia
2.8898255939230495,1.273611989457081,-1.5823423079315604,6.775477455578785,Thrombocytopenia
